item_id,titulo,menor_preco,ultima_data
MLB48955624,Mini Projetor Davely Hy300 4k Android Com Wi-fi E Bluetooth Branco 127/220v,17.19,2026-06-18 10:20
MLB110345645894,Tenis Mizuno Jet 8 Masculino,240.94,2026-06-18 10:20
MLB41975964,Console Playstation 5 Pro 2tb Branco Sony Bivolt Branco,6599.0,2026-06-18 10:20
MLB779362,"Sofá Veneza 2,40m Retrátil Reclinável Grafite Usb Porta Copo Grafite",36.5,2026-06-18 10:20
MLB19542141,Café Em Grao Torrado Expresso Arábica Torra Escura Grãos 1kg Gourmet Cafe Italle,62.0,2026-06-18 10:20
MLB34801962,Impressora Multifuncional Hp Smart Tank 584 - Preta Preto 127/220v,716.4,2026-06-18 10:20
MLB85461139997,Tênis Reserva Roma Masculino Casual Cano Baixo Elegante,255.99,2026-06-18 10:20
MLB68838381,Balança Bioimpedancia Digital 180kg Smart Imc Profissional Rishon Com Aplicativo Preto,28.87,2026-06-18 10:20
MLB24438946,Bola Volei 8.0 Pró Penalty Quadra Selo Fivb Amarelo Amarelo/roxo,284.99,2026-06-18 10:20
MLB58582424,Testo Essencial - Fórmula Exclusiva Com Feno Grego + Boro + Arginina + Zma + Vitamina B6 - Precursor Da Testosterona - 60 Cápsulas Sem Sabor,57.77,2026-06-18 10:20
MLB27174916,Fone De Ouvido Sem Fio Bluetooth F9-5 Pares Som Imersivo Powerbank Moderno Bateria Longa Duração Academia Compativel Com Todos Celulares Preto,24.79,2026-06-18 10:20
MLB22805343,"Escada Articulada 4x4 Em Alumínio 16 Degraus 4,48m - Reisam",533.5,2026-06-18 10:20
MLB55898949,Pistola De Pintura E Pulverizadora Elétrica Portátil Hvlp 1.250l C/5 Bicos E Acessórios 600w Tpp150 The Black Tools Amarelo 220v,192.9,2026-06-18 10:20
MLB100882551263,Mini Compressor Ar Calibrador Encher Pneu Portátil Digital,109.03,2026-06-18 10:20
MLB86033825762,Tênis Vizzano Feminino Off White Leve Academia 1440.107,158.27,2026-06-18 10:20
MLB65131882,Balança Digital De Precisão 10kg Davely Cook Cozinha Para Uso Domestico E Profissional Fitness Ideal Para Dietas Treinos Alimentos Confeitaria Nutrição Branco 10 Kg,19.3,2026-06-18 10:20
MLB65530475,Lanterna Mais Forte Do Mundo Recarregável Tática Potente Led Apfer,45.82,2026-06-18 10:20
MLB93955563541,Tênis Corrida adidas Boost Run Original Feminino,306.99,2026-06-18 10:20
MLB58579835,Nac 600mg - Fórmula Exclusiva Com Máxima Concentração E Pureza - N-acetil L-cisteína - 60 Cápsulas Sem Sabor,46.77,2026-06-18 10:20
MLB39156440,"Tapete 2,00x1,50 Peludo Felpudo Para Sala E Quarto Cores Cor Bege-mesclado Desenho Do Tecido Pelo Alto Casa Laura... 2 M 1.5 M",10.0,2026-06-18 10:20
MLB113308850529,Vestido Quadrilha Xadrez Feminino Ombro A Ombro Festa Junina,138.9,2026-06-18 10:20
MLB61669343,Penta Magnésio - Bisglicinato + Dimalato + Citrato + Taurato + Óxido De Magnésio - A Combinação Perfeita De 5 Magnésios Com Máxima Pureza E Biodisponibilidade - 60 Cápsulas Sem Sabor,56.77,2026-06-18 10:20
MLB107833879506,Cinta Modeladora Redutora Feminina Mb 33 Barbatanas,165.89,2026-06-18 10:20
MLB110805634459,Tênis Fila Vector Masculino Lançamento Treino Academia,178.99,2026-06-18 10:20
MLB62043239,Desobstruidora De Alta Pressão Wap Wl 4200 Ultra 5 Pistões 2200w 1305psi 510l/h Com Jato Regulável E Motor De Indução 220v Cinza 60 Hz,639.2,2026-06-18 10:20
MLB112706258071,Camisa Gola Polo Feminina Básica Algodão Social Uniforme,29.9,2026-06-18 10:20
MLB51586079,Câmera Residencial Infravermelho Ip Bullet Hilook By Hikvision Ipc-b121h-c(2.8mm) Branco,145.0,2026-06-18 10:20
MLB96292389413,Kit 4-calças Jeans Ideal Trabalho Pesado Reforçada Elastano,180.14,2026-06-18 10:20
MLB54034711,Cadeira Escritorio Presidente Esteirinha Verita Rija Preto Couro Sintético,486.28,2026-06-18 10:20
MLB25979638,Impressora De Etiqueta Zd220 Zebra Nova Gc420t Preto,1729.0,2026-06-18 10:20
MLB77908142830,Garrafa Térmica 1 Litro Com Termômetro Led Para Chás / Café,51.2,2026-06-18 10:20
MLB21830308,Impressora Bematech Mp-4200 Th Corte Automatico Usb Preto,559.0,2026-06-18 10:20
MLB111509654802,Camisa Gola Polo Masculina Pique Premium Algodão Confortável,34.8,2026-06-18 10:20
MLB108875633353,Calça Skinny Preta Rasgada Masculina Jeans C/ Elastano Lycra,60.7,2026-06-18 10:20
MLB89374143383,Jogo Toalhas Banho Grossas Macias Algodão 4pç Absorventes,94.9,2026-06-18 10:20
MLB6664766808,Conversor De Mídia Fibra Óptica Gigabit 1000mbps Rj45 A+b,73.36,2026-06-18 10:20
MLB71803949208,Chinelo Havaianas Dual Masculina,55.77,2026-06-18 10:20
MLB95848039523,800mlgarrafa Térmica Água Squeeze Inox Academiaquente E Frio,32.95,2026-06-18 10:20
MLB62162205,Vitamina D3 + K2 Menaquinona-7 - Fórmula Com Máxima Concentração E Biodisponibilidade - 60 Cápsulas Sem Sabor,48.77,2026-06-18 10:20
MLB93930023177,Luva X11 Masculina Blackout 2 Touch Verão Motociclista Moto,85.43,2026-06-18 10:20
MLB83332404511,Tênis Reserva Masculino Casual Cano Baixo Antiderrapante,265.99,2026-06-18 10:20
MLB112808924525,"Piso Adesivo Vinilico Autocolante Madeira 1,67m2 Meupiso",27.53,2026-06-18 10:20
MLB89460924740,Capacete Moto Aberto New Liberty Three Viseira Cristal,108.7,2026-06-18 10:20
MLB112061288981,Jaqueta Feminina Puffer Frio Impermeável Bobojaco 46 Ao 52,113.62,2026-06-18 10:20
MLB45532516,Jogo De Lençol Cama Solteiro 02 Peças 400 Fios Ponto Palito C/ Elástico Hotel Cor Azul-marinho Liso,27.93,2026-06-18 10:20
MLB111256104870,Calça Jogger Tactel Soltinha Slim Academia Esportiva,39.9,2026-06-18 10:20
MLB83357220054,Chinelo Ultra Leve Piccadilly Ortopédico Nuvem Marshmallow,56.99,2026-06-18 10:20
MLB12465919,Termogenico Thermocaps 200mg 60caps Ftw - Diabo Verde Sem Sabor,32.57,2026-06-18 10:20
MLB86088934078,"Cortina Blackout Blecaute 2,20x130 Sala Cozinha Quarto Voil",59.21,2026-06-18 10:20
MLB29723565,Lavitan Vitamina Para Cabelos E Unhas Com 60 Cápsulas / Kit Com 3 Unidades De 60cps Sem Sabor,34.99,2026-06-18 10:20
MLB28859007,Kit Jogo De Ferramentas Completo C/ Soquetes E Chaves Tbt12940k The Black Tools Preto,132.05,2026-06-18 10:20
MLB62042884,Desobstruidora De Alta Pressão Profissional Wap Wl 4500 Ultra 2200w 2000psi 500l/h Motor Indução 220v Cinza 60 Hz,1359.2,2026-06-18 10:20
MLB109195889583,Kit 5 Cuecas Masculinas Dry Fit Lisas Variadas Microfibra,53.63,2026-06-18 10:20
MLB63648098,"Baú Ativoauto De Alumínio 65l Para Moto, Preto, Com Encosto E Base Universal",660.0,2026-06-18 10:20
MLB105511107400,Tenis Branco Feminino Esportivo Vili Olimp Academia Treino,85.4,2026-06-18 10:20
MLB21862682,Cafe Capsula Café Torrado Capsulas Compatíveis Nespresso Capsula De Café Italle 50 Unidades,60.0,2026-06-18 10:20
MLB93205744763,Tênis Lacoste T-base Lancamento,219.99,2026-06-18 10:20
MLB28118778,Banqueta Império Brazil Business Slim Cor Preto X 2 Unidades 114cm De Altura,417.12,2026-06-18 10:20
MLB63419803,Maquina Inversora De Solda Mig Sem Gás 130a 3 Em 1 Tig Lift Com Acessórios Amarelo The Black Tools 220v,505.91,2026-06-18 10:20
MLB50997160,Kit 10 Refletor Led Slim Externo 200w 6500k Branco Frio Ip66 110v/220v Bivolt Preto Cod: Alut000702-10 Alut By Avant 127/220v Branco Frio 6500k,590.9,2026-06-18 10:20
MLB54252474,Vigomot Auxiliar Partida Bateria Portátil Carro Moto Para Emergências Start Potente 1000a,189.0,2026-06-18 10:20
MLB29614932,"Cortina 3,00x2,80 Metros Blackout Blecaute Palha Corta Luz Em Tecido Grosso Para Quarto E Sala Casa Laura Enxovais",73.62,2026-06-18 10:20
MLB111112711213,Roupão Masculino Pollo Hobby Plush Flannel Para Frio Inverno,106.43,2026-06-18 10:20
MLB111287768550,Caminha Redonda Pet Sherpa Cama Para Cães Gatos Macia Quente,30.99,2026-06-18 10:20
MLB63550920,Riscadeira Pisos Profissional Cortador Manual Porcelanato Azulejo 120 Cm Guia Laser 18 Rolamentos Ttc240 The Black Tools,759.9,2026-06-18 10:20
MLB83623356128,"4 Conjunto Catraca Amarração Cinta Preta 4,6 Metros 800kg",65.76,2026-06-18 10:20
MLB60204100,Tapete Higiênico 80x60 30un Pata Limpa Descartável Cachorro Pet Cão Fralda Manta Absorvente Branco,56.9,2026-06-18 10:20
MLB31768611,Jogo Kit De Soquetes Ferramentas Manuais Chave Catraca Reversível 1/2 Pol 8 A 32mm Cor Amarelo Bcs022 The Black Tools,138.9,2026-06-18 10:20
