titulo,link,item_id,preco,preco_confiavel,desconto,tipo_promocao,imagem,categoria
Mini Projetor Davely Hy300 4k Android Com Wi-fi E Bluetooth Branco 127/220v,https://www.mercadolivre.com.br/mini-projetor-davely-hy300-4k-android-com-wi-fi-e-bluetooth/p/MLB48955624?pdp_filters=deal%3AMLB779362-1#polycard_client=offers&deal_print_id=a301d43d-f853-4d3b-8489-c5387390cd49&position=1&tracking_id=3a75e362-8be6-4c50-8f21-a47583d138aa&wid=MLB4275712681&sid=offers,MLB48955624,173.9,sim,41,oferta_do_dia,https://http2.mlstatic.com/D_Q_NP_2X_902043-MLA96988011016_112025-AB.webp,ofertas
Tenis Mizuno Jet 8 Masculino,https://produto.mercadolivre.com.br/MLB-3872723957-tenis-mizuno-jet-8-masculino-_JM?searchVariation=197777724573#polycard_client=offers&deal_print_id=a301d43d-f853-4d3b-8489-c5387390cd49&position=2&tracking_id=3a75e362-8be6-4c50-8f21-a47583d138aa,MLB110345645894,240.94,sim,39,oferta_do_dia,https://http2.mlstatic.com/D_Q_NP_2X_923785-MLB107391725800_032026-AB-tenis-mizuno-jet-8-masculino.webp,ofertas
Console Playstation 5 Pro 2tb Branco Sony Bivolt Branco,https://www.mercadolivre.com.br/console-playstation-5-pro-2tb-branco-sony-bivolt-branco/p/MLB41975964?pdp_filters=deal%3AMLB779362-1#polycard_client=offers&deal_print_id=a301d43d-f853-4d3b-8489-c5387390cd49&position=3&tracking_id=3a75e362-8be6-4c50-8f21-a47583d138aa&wid=MLB4057635429&sid=offers,MLB41975964,6599.0,sim,17,oferta_do_dia,https://http2.mlstatic.com/D_Q_NP_2X_727482-MLA99962144409_112025-AB.webp,ofertas
"Sofá Veneza 2,40m Retrátil Reclinável Grafite Usb Porta Copo Grafite",https://www.mercadolivre.com.br/sofa-veneza-240m-retratil-reclinavel-grafite-usb-porta-copo/up/MLBU3504234773?pdp_filters=deal%3AMLB779362-1#polycard_client=offers&deal_print_id=a301d43d-f853-4d3b-8489-c5387390cd49&position=5&tracking_id=3a75e362-8be6-4c50-8f21-a47583d138aa&wid=MLB5834923568&sid=offers,MLB779362,1444.0,sim,36,oferta_do_dia,https://http2.mlstatic.com/D_Q_NP_2X_952142-MLB95484341326_102025-AB.webp,ofertas
Café Em Grao Torrado Expresso Arábica Torra Escura Grãos 1kg Gourmet Cafe Italle,https://www.mercadolivre.com.br/cafe-em-grao-torrado-expresso-arabica-torra-escura-gros-1kg-gourmet-cafe-italle/p/MLB19542141?pdp_filters=deal%3AMLB779362-1#polycard_client=offers&deal_print_id=a301d43d-f853-4d3b-8489-c5387390cd49&position=7&tracking_id=3a75e362-8be6-4c50-8f21-a47583d138aa&wid=MLB4579770708&sid=offers,MLB19542141,62.0,sim,37,oferta_do_dia,https://http2.mlstatic.com/D_Q_NP_2X_620439-MLA99452591834_112025-AB.webp,ofertas
Impressora Multifuncional Hp Smart Tank 584 - Preta Preto 127/220v,https://www.mercadolivre.com.br/impressora-multifuncional-hp-smart-tank-584-preta/p/MLB34801962?pdp_filters=deal%3AMLB779362-1#polycard_client=offers&deal_print_id=a301d43d-f853-4d3b-8489-c5387390cd49&position=8&tracking_id=3a75e362-8be6-4c50-8f21-a47583d138aa&wid=MLB4319861067&sid=offers,MLB34801962,716.4,sim,47,oferta_do_dia,https://http2.mlstatic.com/D_Q_NP_2X_883539-MLA112255562562_062026-AB.webp,ofertas
Tênis Reserva Roma Masculino Casual Cano Baixo Elegante,https://produto.mercadolivre.com.br/MLB-4081278987-tnis-reserva-roma-masculino-casual-cano-baixo-elegante-_JM?searchVariation=188195995287#polycard_client=offers&deal_print_id=a301d43d-f853-4d3b-8489-c5387390cd49&position=12&tracking_id=3a75e362-8be6-4c50-8f21-a47583d138aa,MLB85461139997,255.99,sim,36,oferta_relampago,https://http2.mlstatic.com/D_Q_NP_2X_876206-MLB85157928606_052025-AB-tnis-reserva-roma-masculino-casual-cano-baixo-elegante.webp,ofertas
Balança Bioimpedancia Digital 180kg Smart Imc Profissional Rishon Com Aplicativo Preto,https://www.mercadolivre.com.br/balanca-bioimpedancia-digital-180kg-smart-imc-profissional-rishon-com-aplicativo/p/MLB68838381?pdp_filters=deal%3AMLB779362-1#polycard_client=offers&deal_print_id=a301d43d-f853-4d3b-8489-c5387390cd49&position=18&tracking_id=3a75e362-8be6-4c50-8f21-a47583d138aa&wid=MLB4625924357&sid=offers,MLB68838381,28.87,sim,63,oferta_relampago,https://http2.mlstatic.com/D_Q_NP_2X_957981-MLA110124413534_042026-AB.webp,ofertas
Bola Volei 8.0 Pró Penalty Quadra Selo Fivb Amarelo Amarelo/roxo,https://www.mercadolivre.com.br/bola-volei-80-pro-penalty-quadra-selo-fivb-amarelo/p/MLB24438946?pdp_filters=deal%3AMLB779362-1#polycard_client=offers&deal_print_id=a301d43d-f853-4d3b-8489-c5387390cd49&position=19&tracking_id=3a75e362-8be6-4c50-8f21-a47583d138aa&wid=MLB4107909959&sid=offers,MLB24438946,284.99,sim,26,oferta_relampago,https://http2.mlstatic.com/D_Q_NP_2X_892159-MLA99961034565_112025-AB.webp,ofertas
Testo Essencial - Fórmula Exclusiva Com Feno Grego + Boro + Arginina + Zma + Vitamina B6 - Precursor Da Testosterona - 60 Cápsulas Sem Sabor,https://www.mercadolivre.com.br/testo-essencial-formula-exclusiva-com-feno-grego-boro-arginina-zma-vitamina-b6-precursor-da-testosterona-60-capsulas/p/MLB58582424?pdp_filters=deal%3AMLB779362-1#polycard_client=offers&deal_print_id=a301d43d-f853-4d3b-8489-c5387390cd49&position=24&tracking_id=3a75e362-8be6-4c50-8f21-a47583d138aa&wid=MLB5761677016&sid=offers,MLB58582424,57.77,sim,37,oferta_relampago,https://http2.mlstatic.com/D_Q_NP_2X_991094-MLA97048061291_112025-AB.webp,ofertas
Fone De Ouvido Sem Fio Bluetooth F9-5 Pares Som Imersivo Powerbank Moderno Bateria Longa Duração Academia Compativel Com Todos Celulares Preto,https://www.mercadolivre.com.br/fone-de-ouvido-sem-fio-bluetooth-f9-5-pares-som-imersivo-powerbank-moderno-bateria-longa-duraco-academia-compativel-com-todos-celulares/p/MLB27174916?pdp_filters=deal%3AMLB779362-1#polycard_client=offers&deal_print_id=a301d43d-f853-4d3b-8489-c5387390cd49&position=27&tracking_id=3a75e362-8be6-4c50-8f21-a47583d138aa&wid=MLB4698149813&sid=offers,MLB27174916,24.79,sim,22,oferta_relampago,https://http2.mlstatic.com/D_Q_NP_2X_950255-MLA99604896412_122025-AB.webp,ofertas
"Escada Articulada 4x4 Em Alumínio 16 Degraus 4,48m - Reisam",https://www.mercadolivre.com.br/escada-articulada-4x4-em-aluminio-16-degraus-448m-reisam/p/MLB22805343?pdp_filters=deal%3AMLB779362-1#polycard_client=offers&deal_print_id=a301d43d-f853-4d3b-8489-c5387390cd49&position=38&tracking_id=3a75e362-8be6-4c50-8f21-a47583d138aa&wid=MLB5363757118&sid=offers,MLB22805343,533.5,sim,6,oferta_relampago,https://http2.mlstatic.com/D_Q_NP_2X_715916-MLA99521624378_122025-AB.webp,ofertas
Pistola De Pintura E Pulverizadora Elétrica Portátil Hvlp 1.250l C/5 Bicos E Acessórios 600w Tpp150 The Black Tools Amarelo 220v,https://www.mercadolivre.com.br/pistola-de-pintura-e-pulverizadora-eletrica-portatil-hvlp-1250l-c5-bicos-e-acessorios-600w-tpp150-the-black-tools/p/MLB55898949?pdp_filters=deal%3AMLB779362-1#polycard_client=offers&deal_print_id=a301d43d-f853-4d3b-8489-c5387390cd49&position=39&tracking_id=3a75e362-8be6-4c50-8f21-a47583d138aa&wid=MLB5701841518&sid=offers,MLB55898949,192.9,sim,35,oferta_do_dia,https://http2.mlstatic.com/D_Q_NP_2X_888248-MLA109322110405_032026-AB.webp,ofertas
Mini Compressor Ar Calibrador Encher Pneu Portátil Digital,https://produto.mercadolivre.com.br/MLB-4060206829-mini-compressor-ar-calibrador-encher-pneu-portatil-digital-_JM?searchVariation=189152471921#polycard_client=offers&deal_print_id=a301d43d-f853-4d3b-8489-c5387390cd49&position=43&tracking_id=3a75e362-8be6-4c50-8f21-a47583d138aa,MLB100882551263,109.03,sim,26,oferta_do_dia,https://http2.mlstatic.com/D_Q_NP_2X_847949-MLB94330460424_102025-AB-mini-compressor-ar-calibrador-encher-pneu-portatil-digital.webp,ofertas
Tênis Vizzano Feminino Off White Leve Academia 1440.107,https://produto.mercadolivre.com.br/MLB-5444808350-tnis-vizzano-feminino-off-white-leve-academia-1440107-_JM?searchVariation=187905102190#polycard_client=offers&deal_print_id=a301d43d-f853-4d3b-8489-c5387390cd49&position=47&tracking_id=3a75e362-8be6-4c50-8f21-a47583d138aa,MLB86033825762,158.27,sim,28,oferta_relampago,https://http2.mlstatic.com/D_Q_NP_2X_958980-MLB86033825762_062025-AB-tnis-vizzano-feminino-off-white-leve-academia-1440107.webp,ofertas
Balança Digital De Precisão 10kg Davely Cook Cozinha Para Uso Domestico E Profissional Fitness Ideal Para Dietas Treinos Alimentos Confeitaria Nutrição Branco 10 Kg,https://www.mercadolivre.com.br/balanca-digital-de-preciso-10kg-davely-cook-cozinha-para-uso-domestico-e-profissional-fitness-ideal-para-dietas-treinos-alimentos-confeitaria-nutrico-branco/p/MLB65131882?pdp_filters=deal%3AMLB779362-1#polycard_client=offers&deal_print_id=a301d43d-f853-4d3b-8489-c5387390cd49&position=48&tracking_id=3a75e362-8be6-4c50-8f21-a47583d138aa&wid=MLB4083251613&sid=offers,MLB65131882,19.3,sim,44,oferta_do_dia,https://http2.mlstatic.com/D_Q_NP_2X_977172-MLA107049793514_022026-AB.webp,ofertas
Lanterna Mais Forte Do Mundo Recarregável Tática Potente Led Apfer,https://www.mercadolivre.com.br/lanterna-mais-forte-do-mundo-recarregavel-tatica-potente-led-apfer/p/MLB65530475?pdp_filters=deal%3AMLB779362-1#polycard_client=offers&deal_print_id=3dbe7d76-132f-4097-882f-1ad1ca484dc5&tracking_id=df47f50b-b3db-4514-9320-49e0b95c7ccd&wid=MLB6191335498&sid=offers,MLB65530475,45.82,sim,42,oferta_relampago,https://http2.mlstatic.com/D_Q_NP_2X_717789-MLA106467937608_022026-AB.webp,ofertas
Tênis Corrida adidas Boost Run Original Feminino,https://produto.mercadolivre.com.br/MLB-5713221982-tnis-corrida-adidas-boost-run-original-feminino-_JM?searchVariation=191377815681#polycard_client=offers&deal_print_id=3dbe7d76-132f-4097-882f-1ad1ca484dc5&tracking_id=df47f50b-b3db-4514-9320-49e0b95c7ccd,MLB93955563541,306.99,sim,48,oferta_relampago,https://http2.mlstatic.com/D_Q_NP_2X_663909-MLB93955563541_102025-AB-tnis-corrida-adidas-boost-run-original-feminino.webp,ofertas
Nac 600mg - Fórmula Exclusiva Com Máxima Concentração E Pureza - N-acetil L-cisteína - 60 Cápsulas Sem Sabor,https://www.mercadolivre.com.br/nac-600mg-formula-exclusiva-com-maxima-concentraco-e-pureza-n-acetil-l-cisteina-60-capsulas/p/MLB58579835?pdp_filters=deal%3AMLB779362-1#polycard_client=offers&deal_print_id=3dbe7d76-132f-4097-882f-1ad1ca484dc5&tracking_id=df47f50b-b3db-4514-9320-49e0b95c7ccd&wid=MLB5761715520&sid=offers,MLB58579835,46.77,sim,47,oferta_relampago,https://http2.mlstatic.com/D_Q_NP_2X_628799-MLA105714524195_012026-AB.webp,ofertas
"Tapete 2,00x1,50 Peludo Felpudo Para Sala E Quarto Cores Cor Bege-mesclado Desenho Do Tecido Pelo Alto Casa Laura... 2 M 1.5 M",https://www.mercadolivre.com.br/tapete-200x150-peludo-felpudo-para-sala-e-quarto-cores-cor-bege-mesclado-desenho-do-tecido-pelo-alto-casa-laura-enxovais-tapete-medio-para-sala-2x15m-antiderrapante-e-lavavel-bege-mesclado/p/MLB39156440?pdp_filters=deal%3AMLB779362-1#polycard_client=offers&deal_print_id=3dbe7d76-132f-4097-882f-1ad1ca484dc5&tracking_id=df47f50b-b3db-4514-9320-49e0b95c7ccd&wid=MLB3871378375&sid=offers,MLB39156440,59.9,sim,48,oferta_do_dia,https://http2.mlstatic.com/D_Q_NP_2X_755662-MLA99498152944_112025-AB.webp,ofertas
Vestido Quadrilha Xadrez Feminino Ombro A Ombro Festa Junina,https://produto.mercadolivre.com.br/MLB-4040988893-vestido-quadrilha-xadrez-feminino-ombro-a-ombro-festa-junina-_JM?searchVariation=187708001719#polycard_client=offers&deal_print_id=3dbe7d76-132f-4097-882f-1ad1ca484dc5&tracking_id=df47f50b-b3db-4514-9320-49e0b95c7ccd,MLB113308850529,138.9,sim,51,oferta_do_dia,https://http2.mlstatic.com/D_Q_NP_2X_766281-MLB113308850529_062026-AB-vestido-quadrilha-xadrez-feminino-ombro-a-ombro-festa-junina.webp,ofertas
Penta Magnésio - Bisglicinato + Dimalato + Citrato + Taurato + Óxido De Magnésio - A Combinação Perfeita De 5 Magnésios Com Máxima Pureza E Biodisponibilidade - 60 Cápsulas Sem Sabor,https://www.mercadolivre.com.br/penta-magnesio-bisglicinato-dimalato-citrato-taurato-oxido-de-magnesio-a-combinaco-perfeita-de-5-magnesios-com-maxima-pureza-e-biodisponibilidade-60-capsulas/p/MLB61669343?pdp_filters=deal%3AMLB779362-1#polycard_client=offers&deal_print_id=3dbe7d76-132f-4097-882f-1ad1ca484dc5&tracking_id=df47f50b-b3db-4514-9320-49e0b95c7ccd&wid=MLB4291609113&sid=offers,MLB61669343,56.77,sim,40,oferta_relampago,https://http2.mlstatic.com/D_Q_NP_2X_945958-MLA100297313496_122025-AB.webp,ofertas
Cinta Modeladora Redutora Feminina Mb 33 Barbatanas,https://produto.mercadolivre.com.br/MLB-4359901716-cinta-modeladora-redutora-feminina-mb-33-barbatanas-_JM?searchVariation=179659192478#polycard_client=offers&deal_print_id=3dbe7d76-132f-4097-882f-1ad1ca484dc5&tracking_id=df47f50b-b3db-4514-9320-49e0b95c7ccd,MLB107833879506,165.89,sim,46,oferta_do_dia,https://http2.mlstatic.com/D_Q_NP_2X_859014-MLB107833879506_032026-AB-cinta-modeladora-redutora-feminina-mb-33-barbatanas.webp,ofertas
Tênis Fila Vector Masculino Lançamento Treino Academia,https://produto.mercadolivre.com.br/MLB-3865129407-tnis-fila-vector-masculino-lancamento-treino-academia-_JM?searchVariation=187904960700#polycard_client=offers&deal_print_id=3dbe7d76-132f-4097-882f-1ad1ca484dc5&tracking_id=df47f50b-b3db-4514-9320-49e0b95c7ccd,MLB110805634459,178.99,sim,40,oferta_relampago,https://http2.mlstatic.com/D_Q_NP_2X_767719-MLB100973979257_122025-AB-tnis-fila-vector-masculino-lancamento-treino-academia.webp,ofertas
Desobstruidora De Alta Pressão Wap Wl 4200 Ultra 5 Pistões 2200w 1305psi 510l/h Com Jato Regulável E Motor De Indução 220v Cinza 60 Hz,https://www.mercadolivre.com.br/desobstruidora-de-alta-presso-wap-wl-4200-ultra-5-pistoes-2200w-1305psi-510lh-com-jato-regulavel-e-motor-de-induco-220v/p/MLB62043239?pdp_filters=deal%3AMLB779362-1#polycard_client=offers&deal_print_id=3dbe7d76-132f-4097-882f-1ad1ca484dc5&tracking_id=df47f50b-b3db-4514-9320-49e0b95c7ccd&wid=MLB4398552785&sid=offers,MLB62043239,639.2,sim,64,oferta_relampago,https://http2.mlstatic.com/D_Q_NP_2X_621336-MLA109109973389_032026-AB.webp,ofertas
Camisa Gola Polo Feminina Básica Algodão Social Uniforme,https://produto.mercadolivre.com.br/MLB-3597479075-camisa-gola-polo-feminina-basica-algodo-social-uniforme-_JM?searchVariation=179829782100#polycard_client=offers&deal_print_id=3dbe7d76-132f-4097-882f-1ad1ca484dc5&tracking_id=df47f50b-b3db-4514-9320-49e0b95c7ccd,MLB112706258071,29.9,sim,40,oferta_do_dia,https://http2.mlstatic.com/D_Q_NP_2X_965881-MLB112707298569_062026-AB-camisa-gola-polo-feminina-basica-algodo-social-uniforme.webp,ofertas
Câmera Residencial Infravermelho Ip Bullet Hilook By Hikvision Ipc-b121h-c(2.8mm) Branco,https://www.mercadolivre.com.br/cmera-residencial-infravermelho-ip-bullet-hilook-by-hikvision-ipc-b121h-c28mm/p/MLB51586079?pdp_filters=deal%3AMLB779362-1#polycard_client=offers&deal_print_id=3dbe7d76-132f-4097-882f-1ad1ca484dc5&tracking_id=df47f50b-b3db-4514-9320-49e0b95c7ccd&wid=MLB4132938793&sid=offers,MLB51586079,145.0,sim,27,oferta_relampago,https://http2.mlstatic.com/D_Q_NP_2X_646478-MLA100045902657_122025-AB.webp,ofertas
Kit 4-calças Jeans Ideal Trabalho Pesado Reforçada Elastano,https://produto.mercadolivre.com.br/MLB-4273592191-kit-4-calcas-jeans-ideal-trabalho-pesado-reforcada-elastano-_JM?searchVariation=186558325088#polycard_client=offers&deal_print_id=3dbe7d76-132f-4097-882f-1ad1ca484dc5&tracking_id=df47f50b-b3db-4514-9320-49e0b95c7ccd,MLB96292389413,180.14,sim,20,oferta_relampago,https://http2.mlstatic.com/D_Q_NP_2X_604924-MLB96292389413_102025-AB-kit-4-calcas-jeans-ideal-trabalho-pesado-reforcada-elastano.webp,ofertas
Cadeira Escritorio Presidente Esteirinha Verita Rija Preto Couro Sintético,https://www.mercadolivre.com.br/cadeira-escritorio-presidente-esteirinha-verita-rija-preto-couro-sintetico/p/MLB54034711?pdp_filters=deal%3AMLB779362-1#polycard_client=offers&deal_print_id=c7dc2676-52cc-47f8-95ac-b4f30c5bc511&tracking_id=9ff90509-abb1-48be-96a4-a7ea8321c315&wid=MLB4220901633&sid=offers,MLB54034711,486.28,sim,42,oferta_do_dia,https://http2.mlstatic.com/D_Q_NP_2X_911162-MLA96153219369_102025-AB.webp,ofertas
Impressora De Etiqueta Zd220 Zebra Nova Gc420t Preto,https://www.mercadolivre.com.br/impressora-de-etiqueta-zd220-zebra-nova-gc420t-preto/p/MLB25979638?pdp_filters=deal%3AMLB779362-1#polycard_client=offers&deal_print_id=c7dc2676-52cc-47f8-95ac-b4f30c5bc511&tracking_id=9ff90509-abb1-48be-96a4-a7ea8321c315&wid=MLB3826443611&sid=offers,MLB25979638,1729.0,sim,21,oferta_do_dia,https://http2.mlstatic.com/D_Q_NP_2X_987750-MLA99959799225_112025-AB.webp,ofertas
Garrafa Térmica 1 Litro Com Termômetro Led Para Chás / Café,https://produto.mercadolivre.com.br/MLB-4967167410-garrafa-termica-1-litro-com-termmetro-led-para-chas-cafe-_JM?searchVariation=184022220277#polycard_client=offers&deal_print_id=c7dc2676-52cc-47f8-95ac-b4f30c5bc511&tracking_id=9ff90509-abb1-48be-96a4-a7ea8321c315,MLB77908142830,51.2,sim,32,oferta_relampago,https://http2.mlstatic.com/D_Q_NP_2X_658148-MLB89993492671_082025-AB-garrafa-termica-1-litro-com-termmetro-led-para-chas-cafe.webp,ofertas
Impressora Bematech Mp-4200 Th Corte Automatico Usb Preto,https://www.mercadolivre.com.br/impressora-bematech-mp-4200-th-corte-automatico-usb-preto/p/MLB21830308?pdp_filters=deal%3AMLB779362-1#polycard_client=offers&deal_print_id=c7dc2676-52cc-47f8-95ac-b4f30c5bc511&tracking_id=9ff90509-abb1-48be-96a4-a7ea8321c315&wid=MLB3380807277&sid=offers,MLB21830308,559.0,sim,32,oferta_do_dia,https://http2.mlstatic.com/D_Q_NP_2X_641223-MLA99850760747_112025-AB.webp,ofertas
Camisa Gola Polo Masculina Pique Premium Algodão Confortável,https://produto.mercadolivre.com.br/MLB-5187281878-camisa-gola-polo-masculina-pique-premium-algodo-confortavel-_JM?searchVariation=186130844585#polycard_client=offers&deal_print_id=c7dc2676-52cc-47f8-95ac-b4f30c5bc511&tracking_id=9ff90509-abb1-48be-96a4-a7ea8321c315,MLB111509654802,34.8,sim,36,oferta_do_dia,https://http2.mlstatic.com/D_Q_NP_2X_689886-MLB112349827775_052026-AB-camisa-gola-polo-masculina-pique-premium-algodo-confortavel.webp,ofertas
Calça Skinny Preta Rasgada Masculina Jeans C/ Elastano Lycra,https://produto.mercadolivre.com.br/MLB-3414938657-calca-skinny-preta-rasgada-masculina-jeans-c-elastano-lycra-_JM?searchVariation=178508291778#polycard_client=offers&deal_print_id=c7dc2676-52cc-47f8-95ac-b4f30c5bc511&tracking_id=9ff90509-abb1-48be-96a4-a7ea8321c315,MLB108875633353,60.7,sim,44,oferta_do_dia,https://http2.mlstatic.com/D_Q_NP_2X_795719-MLB108102615694_032026-AB-calca-skinny-preta-rasgada-masculina-jeans-c-elastano-lycra.webp,ofertas
Jogo Toalhas Banho Grossas Macias Algodão 4pç Absorventes,https://produto.mercadolivre.com.br/MLB-4125132275-jogo-toalhas-banho-grossas-macias-algodo-4pc-absorventes-_JM?searchVariation=188994654383#polycard_client=offers&deal_print_id=f5d191b9-e31c-41f1-a66d-9c1dce602e69&tracking_id=00256280-68ba-48a7-9982-03aa66de5a3e,MLB89374143383,94.9,sim,32,oferta_relampago,https://http2.mlstatic.com/D_Q_NP_2X_785463-MLB89373964059_082025-AB-jogo-toalhas-banho-grossas-macias-algodo-4pc-absorventes.webp,ofertas
Conversor De Mídia Fibra Óptica Gigabit 1000mbps Rj45 A+b,https://produto.mercadolivre.com.br/MLB-6664766808-conversor-de-midia-fibra-optica-gigabit-1000mbps-rj45-ab-_JM#polycard_client=offers&deal_print_id=f5d191b9-e31c-41f1-a66d-9c1dce602e69&tracking_id=00256280-68ba-48a7-9982-03aa66de5a3e&wid=MLB6664766808&sid=offers,MLB6664766808,73.36,sim,25,oferta_relampago,https://http2.mlstatic.com/D_Q_NP_2X_791760-MLB109930050780_042026-AB-conversor-de-midia-fibra-optica-gigabit-1000mbps-rj45-ab.webp,ofertas
Chinelo Havaianas Dual Masculina,https://produto.mercadolivre.com.br/MLB-4057042938-chinelo-havaianas-dual-masculina-_JM?searchVariation=202278366741#polycard_client=offers&deal_print_id=f5d191b9-e31c-41f1-a66d-9c1dce602e69&tracking_id=00256280-68ba-48a7-9982-03aa66de5a3e,MLB71803949208,55.77,sim,29,oferta_do_dia,https://http2.mlstatic.com/D_Q_NP_2X_811667-MLB111909248453_052026-AB-chinelo-havaianas-dual-masculina.webp,ofertas
800mlgarrafa Térmica Água Squeeze Inox Academiaquente E Frio,https://produto.mercadolivre.com.br/MLB-5265791338-800mlgarrafa-termica-agua-squeeze-inox-academiaquente-e-frio-_JM?searchVariation=182801268962#polycard_client=offers&deal_print_id=f5d191b9-e31c-41f1-a66d-9c1dce602e69&tracking_id=00256280-68ba-48a7-9982-03aa66de5a3e,MLB95848039523,32.95,sim,44,oferta_relampago,https://http2.mlstatic.com/D_Q_NP_2X_963485-MLB94579785063_102025-AB-800mlgarrafa-termica-agua-squeeze-inox-academiaquente-e-frio.webp,ofertas
Vitamina D3 + K2 Menaquinona-7 - Fórmula Com Máxima Concentração E Biodisponibilidade - 60 Cápsulas Sem Sabor,https://www.mercadolivre.com.br/vitamina-d3-k2-menaquinona-7-formula-com-maxima-concentraco-e-biodisponibilidade-60-capsulas/p/MLB62162205?pdp_filters=deal%3AMLB779362-1#polycard_client=offers&deal_print_id=8622a82a-2c12-49d6-981d-82690a54e383&tracking_id=8409c076-ffe3-4cb3-93cd-63de5faadbe4&wid=MLB4307126823&sid=offers,MLB62162205,48.77,sim,45,oferta_relampago,https://http2.mlstatic.com/D_Q_NP_2X_977019-MLA100790399283_122025-AB.webp,ofertas
Luva X11 Masculina Blackout 2 Touch Verão Motociclista Moto,https://produto.mercadolivre.com.br/MLB-2605972211-luva-x11-masculina-blackout-2-touch-vero-motociclista-moto-_JM?searchVariation=174382455056#polycard_client=offers&deal_print_id=8622a82a-2c12-49d6-981d-82690a54e383&tracking_id=8409c076-ffe3-4cb3-93cd-63de5faadbe4,MLB93930023177,85.43,sim,21,oferta_do_dia,https://http2.mlstatic.com/D_Q_NP_2X_882170-MLB93930023177_102025-AB-luva-x11-masculina-blackout-2-touch-vero-motociclista-moto.webp,ofertas
Tênis Reserva Masculino Casual Cano Baixo Antiderrapante,https://produto.mercadolivre.com.br/MLB-5330020602-tnis-reserva-masculino-casual-cano-baixo-antiderrapante-_JM?searchVariation=187375331745#polycard_client=offers&deal_print_id=8622a82a-2c12-49d6-981d-82690a54e383&tracking_id=8409c076-ffe3-4cb3-93cd-63de5faadbe4,MLB83332404511,265.99,sim,31,oferta_relampago,https://http2.mlstatic.com/D_Q_NP_2X_792057-MLB83437899705_032025-AB-tnis-reserva-masculino-casual-cano-baixo-antiderrapante.webp,ofertas
"Piso Adesivo Vinilico Autocolante Madeira 1,67m2 Meupiso",https://produto.mercadolivre.com.br/MLB-4047710023-piso-adesivo-vinilico-autocolante-madeira-167m2-meupiso-_JM?searchVariation=188218923413#polycard_client=offers&deal_print_id=8622a82a-2c12-49d6-981d-82690a54e383&tracking_id=8409c076-ffe3-4cb3-93cd-63de5faadbe4,MLB112808924525,27.53,sim,41,oferta_do_dia,https://http2.mlstatic.com/D_Q_NP_2X_645380-MLB112808924525_062026-AB-piso-adesivo-vinilico-autocolante-madeira-167m2-meupiso.webp,ofertas
Capacete Moto Aberto New Liberty Three Viseira Cristal,https://produto.mercadolivre.com.br/MLB-2037946467-capacete-moto-aberto-new-liberty-three-viseira-cristal-_JM?searchVariation=173734675623#polycard_client=offers&deal_print_id=8622a82a-2c12-49d6-981d-82690a54e383&tracking_id=8409c076-ffe3-4cb3-93cd-63de5faadbe4,MLB89460924740,108.7,sim,27,oferta_do_dia,https://http2.mlstatic.com/D_Q_NP_2X_754291-MLB89460924740_082025-AB-capacete-moto-aberto-new-liberty-three-viseira-cristal.webp,ofertas
Jaqueta Feminina Puffer Frio Impermeável Bobojaco 46 Ao 52,https://produto.mercadolivre.com.br/MLB-5413414098-jaqueta-feminina-puffer-frio-impermeavel-bobojaco-46-ao-52-_JM?searchVariation=200982172287#polycard_client=offers&deal_print_id=8622a82a-2c12-49d6-981d-82690a54e383&tracking_id=8409c076-ffe3-4cb3-93cd-63de5faadbe4,MLB112061288981,113.62,sim,33,oferta_relampago,https://http2.mlstatic.com/D_Q_NP_2X_742287-MLB112061288981_052026-AB-jaqueta-feminina-puffer-frio-impermeavel-bobojaco-46-ao-52.webp,ofertas
Jogo De Lençol Cama Solteiro 02 Peças 400 Fios Ponto Palito C/ Elástico Hotel Cor Azul-marinho Liso,https://www.mercadolivre.com.br/jogo-de-lencol-cama-solteiro-02-pecas-400-fios-ponto-palito-c-elastico-hotel-cor-azul-marinho-liso/p/MLB45532516?pdp_filters=deal%3AMLB779362-1#polycard_client=offers&deal_print_id=8622a82a-2c12-49d6-981d-82690a54e383&tracking_id=8409c076-ffe3-4cb3-93cd-63de5faadbe4&wid=MLB3954325237&sid=offers,MLB45532516,27.93,sim,37,oferta_do_dia,https://http2.mlstatic.com/D_Q_NP_2X_790561-MLA109760431358_042026-AB.webp,ofertas
Calça Jogger Tactel Soltinha Slim Academia Esportiva,https://produto.mercadolivre.com.br/MLB-5449308614-calca-jogger-tactel-soltinha-slim-academia-esportiva-_JM?searchVariation=195433627409#polycard_client=offers&deal_print_id=8622a82a-2c12-49d6-981d-82690a54e383&tracking_id=8409c076-ffe3-4cb3-93cd-63de5faadbe4,MLB111256104870,39.9,sim,55,oferta_do_dia,https://http2.mlstatic.com/D_Q_NP_2X_753355-MLB111255282870_052026-AB-calca-jogger-tactel-soltinha-slim-academia-esportiva.webp,ofertas
Chinelo Ultra Leve Piccadilly Ortopédico Nuvem Marshmallow,https://produto.mercadolivre.com.br/MLB-3506614967-chinelo-ultra-leve-piccadilly-ortopedico-nuvem-marshmallow-_JM?searchVariation=187479813033#polycard_client=offers&deal_print_id=d785cd26-ab4d-4b62-aaf4-11c162644d07&tracking_id=3614162e-f1eb-444c-87f9-e449f3f0cb88,MLB83357220054,56.99,sim,27,oferta_relampago,https://http2.mlstatic.com/D_Q_NP_2X_736468-MLB83357220054_042025-AB-chinelo-ultra-leve-piccadilly-ortopedico-nuvem-marshmallow.webp,ofertas
Termogenico Thermocaps 200mg 60caps Ftw - Diabo Verde Sem Sabor,https://www.mercadolivre.com.br/termogenico-thermocaps-200mg-60caps-ftw-diabo-verde/p/MLB12465919?pdp_filters=deal%3AMLB779362-1#polycard_client=offers&deal_print_id=d785cd26-ab4d-4b62-aaf4-11c162644d07&tracking_id=3614162e-f1eb-444c-87f9-e449f3f0cb88&wid=MLB5159053928&sid=offers,MLB12465919,32.57,sim,52,oferta_relampago,https://http2.mlstatic.com/D_Q_NP_2X_672628-MLA99507477192_112025-AB.webp,ofertas
"Cortina Blackout Blecaute 2,20x130 Sala Cozinha Quarto Voil",https://produto.mercadolivre.com.br/MLB-1187274464-cortina-blackout-blecaute-220x130-sala-cozinha-quarto-voil-_JM?searchVariation=174760952029#polycard_client=offers&deal_print_id=d785cd26-ab4d-4b62-aaf4-11c162644d07&tracking_id=3614162e-f1eb-444c-87f9-e449f3f0cb88,MLB86088934078,59.21,sim,13,oferta_do_dia,https://http2.mlstatic.com/D_Q_NP_2X_739803-MLB85922828873_062025-AB-cortina-blackout-blecaute-220x130-sala-cozinha-quarto-voil.webp,ofertas
Lavitan Vitamina Para Cabelos E Unhas Com 60 Cápsulas / Kit Com 3 Unidades De 60cps Sem Sabor,https://www.mercadolivre.com.br/lavitan-vitamina-para-cabelos-e-unhas-com-60-capsulas-kit-com-3-unidades-de-60cps/p/MLB29723565?pdp_filters=deal%3AMLB779362-1#polycard_client=offers&deal_print_id=d785cd26-ab4d-4b62-aaf4-11c162644d07&tracking_id=3614162e-f1eb-444c-87f9-e449f3f0cb88&wid=MLB5475628362&sid=offers,MLB29723565,34.99,sim,49,oferta_relampago,https://http2.mlstatic.com/D_Q_NP_2X_780478-MLA100104346105_122025-AB.webp,ofertas
Kit Jogo De Ferramentas Completo C/ Soquetes E Chaves Tbt12940k The Black Tools Preto,https://www.mercadolivre.com.br/kit-jogo-de-ferramentas-completo-c-soquetes-e-chaves-tbt12940k-the-black-tools/p/MLB28859007?pdp_filters=deal%3AMLB779362-1#polycard_client=offers&deal_print_id=d785cd26-ab4d-4b62-aaf4-11c162644d07&tracking_id=3614162e-f1eb-444c-87f9-e449f3f0cb88&wid=MLB4674055682&sid=offers,MLB28859007,132.05,sim,51,oferta_relampago,https://http2.mlstatic.com/D_Q_NP_2X_960101-MLA99504215182_112025-AB.webp,ofertas
Desobstruidora De Alta Pressão Profissional Wap Wl 4500 Ultra 2200w 2000psi 500l/h Motor Indução 220v Cinza 60 Hz,https://www.mercadolivre.com.br/desobstruidora-de-alta-presso-profissional-wap-wl-4500-ultra-2200w-2000psi-500lh-motor-induco-220v/p/MLB62042884?pdp_filters=deal%3AMLB779362-1#polycard_client=offers&deal_print_id=d785cd26-ab4d-4b62-aaf4-11c162644d07&tracking_id=3614162e-f1eb-444c-87f9-e449f3f0cb88&wid=MLB4398275381&sid=offers,MLB62042884,1359.2,sim,55,oferta_relampago,https://http2.mlstatic.com/D_Q_NP_2X_664354-MLA108315302310_032026-AB.webp,ofertas
Kit 5 Cuecas Masculinas Dry Fit Lisas Variadas Microfibra,https://produto.mercadolivre.com.br/MLB-6226342080-kit-5-cuecas-masculinas-dry-fit-lisas-variadas-microfibra-_JM?searchVariation=190208625014#polycard_client=offers&deal_print_id=d785cd26-ab4d-4b62-aaf4-11c162644d07&tracking_id=3614162e-f1eb-444c-87f9-e449f3f0cb88,MLB109195889583,53.63,sim,41,oferta_do_dia,https://http2.mlstatic.com/D_Q_NP_2X_935161-MLB109195889583_032026-AB-kit-5-cuecas-masculinas-dry-fit-lisas-variadas-microfibra.webp,ofertas
"Baú Ativoauto De Alumínio 65l Para Moto, Preto, Com Encosto E Base Universal",https://www.mercadolivre.com.br/bau-ativoauto-de-aluminio-65l-para-moto-preto-com-encosto-e-base-universal/p/MLB63648098?pdp_filters=deal%3AMLB779362-1#polycard_client=offers&deal_print_id=d785cd26-ab4d-4b62-aaf4-11c162644d07&tracking_id=3614162e-f1eb-444c-87f9-e449f3f0cb88&wid=MLB4571992893&sid=offers,MLB63648098,660.0,sim,67,oferta_relampago,https://http2.mlstatic.com/D_Q_NP_2X_976573-MLA102988435785_122025-AB.webp,ofertas
Tenis Branco Feminino Esportivo Vili Olimp Academia Treino,https://produto.mercadolivre.com.br/MLB-3513198955-tenis-branco-feminino-esportivo-vili-olimp-academia-treino-_JM?searchVariation=180687959703#polycard_client=offers&deal_print_id=d785cd26-ab4d-4b62-aaf4-11c162644d07&tracking_id=3614162e-f1eb-444c-87f9-e449f3f0cb88,MLB105511107400,85.4,sim,48,oferta_relampago,https://http2.mlstatic.com/D_Q_NP_2X_603676-MLB106109346865_012026-AB-tenis-branco-feminino-esportivo-vili-olimp-academia-treino.webp,ofertas
Cafe Capsula Café Torrado Capsulas Compatíveis Nespresso Capsula De Café Italle 50 Unidades,https://www.mercadolivre.com.br/cafe-capsula-cafe-torrado-capsulas-compativeis-nespresso-capsula-de-cafe-italle-50-unidades/p/MLB21862682?pdp_filters=deal%3AMLB779362-1#polycard_client=offers&deal_print_id=d785cd26-ab4d-4b62-aaf4-11c162644d07&tracking_id=3614162e-f1eb-444c-87f9-e449f3f0cb88&wid=MLB3237381668&sid=offers,MLB21862682,60.0,sim,33,oferta_do_dia,https://http2.mlstatic.com/D_Q_NP_2X_990135-MLA99416731074_112025-AB.webp,ofertas
Tênis Lacoste T-base Lancamento,https://produto.mercadolivre.com.br/MLB-2147554247-tnis-lacoste-t-base-lancamento-_JM?searchVariation=190076590401#polycard_client=offers&deal_print_id=8c3d5589-6f49-4b8a-a799-b9cf8a301cd8&tracking_id=ab70bcc3-2ec2-4665-becb-305094fa33e5,MLB93205744763,219.99,sim,55,oferta_relampago,https://http2.mlstatic.com/D_Q_NP_2X_809180-MLB90915288241_082025-AB-tnis-lacoste-t-base-lancamento.webp,ofertas
Banqueta Império Brazil Business Slim Cor Preto X 2 Unidades 114cm De Altura,https://www.mercadolivre.com.br/banqueta-imperio-brazil-business-slim-cor-preto-x-2-unidades-114cm-de-altura/p/MLB28118778?pdp_filters=deal%3AMLB779362-1#polycard_client=offers&deal_print_id=b48aeea1-ca66-46d4-9473-b2d61e5d3f61&tracking_id=d4566d2a-488e-48a4-a215-08ec5547c278&wid=MLB4278036358&sid=offers,MLB28118778,417.12,sim,45,oferta_relampago,https://http2.mlstatic.com/D_Q_NP_2X_904317-MLA96417365316_102025-AB.webp,ofertas
Maquina Inversora De Solda Mig Sem Gás 130a 3 Em 1 Tig Lift Com Acessórios Amarelo The Black Tools 220v,https://www.mercadolivre.com.br/maquina-inversora-de-solda-mig-sem-gas-130a-3-em-1-tig-lift-com-acessorios-amarelo-the-black-tools/p/MLB63419803?pdp_filters=deal%3AMLB779362-1#polycard_client=offers&deal_print_id=76db0634-d2bb-4548-8f2e-10a4fba6e096&tracking_id=604ffff4-4fc1-496c-bbd7-ccff94f3bb59&wid=MLB4379720959&sid=offers,MLB63419803,505.91,sim,42,oferta_do_dia,https://http2.mlstatic.com/D_Q_NP_2X_757497-MLA102161920445_122025-AB.webp,ofertas
Kit 10 Refletor Led Slim Externo 200w 6500k Branco Frio Ip66 110v/220v Bivolt Preto Cod: Alut000702-10 Alut By Avant 127/220v Branco Frio 6500k,https://www.mercadolivre.com.br/kit-10-refletor-led-slim-externo-200w-6500k-branco-frio-ip66-110v220v-bivolt-preto-cod-alut000702-10-alut-by-avant/p/MLB50997160?pdp_filters=deal%3AMLB779362-1#polycard_client=offers&deal_print_id=76db0634-d2bb-4548-8f2e-10a4fba6e096&tracking_id=604ffff4-4fc1-496c-bbd7-ccff94f3bb59&wid=MLB4087426249&sid=offers,MLB50997160,590.9,sim,65,oferta_relampago,https://http2.mlstatic.com/D_Q_NP_2X_725535-MLA112214741288_062026-AB.webp,ofertas
Vigomot Auxiliar Partida Bateria Portátil Carro Moto Para Emergências Start Potente 1000a,https://www.mercadolivre.com.br/vigomot-auxiliar-partida-bateria-portatil-carro-moto-para-emergncias-start-potente-1000a/p/MLB54252474?pdp_filters=deal%3AMLB779362-1#polycard_client=offers&deal_print_id=76db0634-d2bb-4548-8f2e-10a4fba6e096&tracking_id=604ffff4-4fc1-496c-bbd7-ccff94f3bb59&wid=MLB4270645047&sid=offers,MLB54252474,189.0,sim,32,oferta_do_dia,https://http2.mlstatic.com/D_Q_NP_2X_738349-MLA99824023267_112025-AB.webp,ofertas
"Cortina 3,00x2,80 Metros Blackout Blecaute Palha Corta Luz Em Tecido Grosso Para Quarto E Sala Casa Laura Enxovais",https://www.mercadolivre.com.br/cortina-300x280-metros-blackout-blecaute-palha-corta-luz-em-tecido-grosso-para-quarto-e-sala-casa-laura-enxovais/p/MLB29614932?pdp_filters=deal%3AMLB779362-1#polycard_client=offers&deal_print_id=76db0634-d2bb-4548-8f2e-10a4fba6e096&tracking_id=604ffff4-4fc1-496c-bbd7-ccff94f3bb59&wid=MLB5288471998&sid=offers,MLB29614932,73.62,sim,45,oferta_do_dia,https://http2.mlstatic.com/D_Q_NP_2X_750197-MLA99506070940_112025-AB.webp,ofertas
Roupão Masculino Pollo Hobby Plush Flannel Para Frio Inverno,https://produto.mercadolivre.com.br/MLB-3680317494-roupo-masculino-pollo-hobby-plush-flannel-para-frio-inverno-_JM?searchVariation=178431750561#polycard_client=offers&deal_print_id=de8820f5-953f-4396-9751-9574e01a942c&tracking_id=abe1fe6a-4487-4e4d-a033-dfe78d45089a,MLB111112711213,106.43,sim,29,oferta_do_dia,https://http2.mlstatic.com/D_Q_NP_2X_726054-MLB111112711213_052026-AB-roupo-masculino-pollo-hobby-plush-flannel-para-frio-inverno.webp,ofertas
Caminha Redonda Pet Sherpa Cama Para Cães Gatos Macia Quente,https://produto.mercadolivre.com.br/MLB-4012783667-caminha-redonda-pet-sherpa-cama-para-ces-gatos-macia-quente-_JM?searchVariation=188623630803#polycard_client=offers&deal_print_id=de8820f5-953f-4396-9751-9574e01a942c&tracking_id=abe1fe6a-4487-4e4d-a033-dfe78d45089a,MLB111287768550,30.99,sim,37,oferta_do_dia,https://http2.mlstatic.com/D_Q_NP_2X_976979-MLB91426990432_092025-AB-caminha-redonda-pet-sherpa-cama-para-ces-gatos-macia-quente.webp,ofertas
Riscadeira Pisos Profissional Cortador Manual Porcelanato Azulejo 120 Cm Guia Laser 18 Rolamentos Ttc240 The Black Tools,https://www.mercadolivre.com.br/riscadeira-pisos-profissional-cortador-manual-porcelanato-azulejo-120-cm-guia-laser-18-rolamentos-ttc240-the-black-tools/p/MLB63550920?pdp_filters=deal%3AMLB779362-1#polycard_client=offers&deal_print_id=de8820f5-953f-4396-9751-9574e01a942c&tracking_id=abe1fe6a-4487-4e4d-a033-dfe78d45089a&wid=MLB6972451186&sid=offers,MLB63550920,759.9,sim,46,oferta_relampago,https://http2.mlstatic.com/D_Q_NP_2X_857163-MLA102502546834_122025-AB.webp,ofertas
"4 Conjunto Catraca Amarração Cinta Preta 4,6 Metros 800kg",https://produto.mercadolivre.com.br/MLB-4498065510-4-conjunto-catraca-amarraco-cinta-preta-46-metros-800kg-_JM?searchVariation=181979747399#polycard_client=offers&deal_print_id=de8820f5-953f-4396-9751-9574e01a942c&tracking_id=abe1fe6a-4487-4e4d-a033-dfe78d45089a,MLB83623356128,65.76,sim,16,oferta_relampago,https://http2.mlstatic.com/D_Q_NP_2X_993915-MLB100361444451_122025-AB-4-conjunto-catraca-amarraco-cinta-preta-46-metros-800kg.webp,ofertas
Tapete Higiênico 80x60 30un Pata Limpa Descartável Cachorro Pet Cão Fralda Manta Absorvente Branco,https://www.mercadolivre.com.br/tapete-higinico-80x60-30un-pata-limpa-descartavel-cachorro-pet-co-fralda-manta-absorvente/p/MLB60204100?pdp_filters=deal%3AMLB779362-1#polycard_client=offers&deal_print_id=de8820f5-953f-4396-9751-9574e01a942c&tracking_id=abe1fe6a-4487-4e4d-a033-dfe78d45089a&wid=MLB4256267921&sid=offers,MLB60204100,56.9,sim,43,oferta_relampago,https://http2.mlstatic.com/D_Q_NP_2X_841319-MLA99961598527_112025-AB.webp,ofertas
Jogo Kit De Soquetes Ferramentas Manuais Chave Catraca Reversível 1/2 Pol 8 A 32mm Cor Amarelo Bcs022 The Black Tools,https://www.mercadolivre.com.br/jogo-kit-de-soquetes-ferramentas-manuais-chave-catraca-reversivel-12-pol-8-a-32mm-cor-amarelo-bcs022-the-black-tools/p/MLB31768611?pdp_filters=deal%3AMLB779362-1#polycard_client=offers&deal_print_id=de8820f5-953f-4396-9751-9574e01a942c&tracking_id=abe1fe6a-4487-4e4d-a033-dfe78d45089a&wid=MLB3774232381&sid=offers,MLB31768611,138.9,sim,50,oferta_do_dia,https://http2.mlstatic.com/D_Q_NP_2X_952152-MLA100025553375_122025-AB.webp,ofertas
